{
    "alpha": 0.001,
    "epochs": 100,
    "losses": [
        0.16700999438762665,
        0.15972524881362915,
        0.15331648290157318,
        0.14770247042179108,
        0.14280100166797638,
        0.13853296637535095,
        0.13482414186000824,
        0.1316065639257431,
        0.12881873548030853,
        0.12640583515167236,
        0.12431909143924713,
        0.12251569330692291,
        0.12095794826745987,
        0.11961297690868378,
        0.11845208704471588,
        0.11745034903287888,
        0.11658608913421631,
        0.11584050953388214,
        0.11519744247198105,
        0.11464274674654007,
        0.1141643300652504,
        0.11375171691179276,
        0.1133958101272583,
        0.11308880150318146,
        0.11282406002283096,
        0.11259555071592331,
        0.11239848285913467,
        0.11222837120294571,
        0.11208157986402512,
        0.11195490509271622,
        0.11184556782245636,
        0.11175121366977692,
        0.11166971176862717,
        0.11159930378198624,
        0.11153857409954071,
        0.11148610711097717,
        0.1114407628774643,
        0.11140158772468567,
        0.11136782914400101,
        0.11133850365877151,
        0.11131327599287033,
        0.11129141598939896,
        0.11127253621816635,
        0.11125621944665909,
        0.11124207824468613,
        0.11122987419366837,
        0.11121931672096252,
        0.11121015250682831,
        0.11120223253965378,
        0.11119537800550461,
        0.11118947714567184,
        0.11118429899215698,
        0.11117987334728241,
        0.11117594689130783,
        0.11117266863584518,
        0.11116980761289597,
        0.11116722226142883,
        0.11116503924131393,
        0.11116313189268112,
        0.11116151511669159,
        0.11116005480289459,
        0.11115879565477371,
        0.11115770041942596,
        0.11115676164627075,
        0.11115594208240509,
        0.11115516722202301,
        0.11115449666976929,
        0.1111539751291275,
        0.11115345358848572,
        0.1111530214548111,
        0.11115264892578125,
        0.1111522689461708,
        0.11115199327468872,
        0.11115171015262604,
        0.11115149408578873,
        0.11115122586488724,
        0.11115103960037231,
        0.1111508309841156,
        0.11115066707134247,
        0.11115055531263351,
        0.11115041375160217,
        0.11115027219057083,
        0.11115016043186188,
        0.11115000396966934,
        0.11114990711212158,
        0.11114982515573502,
        0.11114971339702606,
        0.1111496239900589,
        0.11114952713251114,
        0.11114944517612457,
        0.11114934831857681,
        0.11114928126335144,
        0.11114922165870667,
        0.1111491322517395,
        0.11114906519651413,
        0.11114896088838577,
        0.111148901283741,
        0.11114884912967682,
        0.11114877462387085,
        0.11114870756864548
    ]
}