{
    "network": [
        4,
        16,
        64,
        256,
        1024,
        3
    ],
    "alpha": 0.0001,
    "epochs": 100,
    "losses": [
        0.3333330452442169,
        0.3333330452442169,
        0.3333330452442169,
        0.3333330452442169,
        0.3333330452442169,
        0.3333330452442169,
        0.3333330452442169,
        0.3333330452442169,
        0.3333330452442169,
        0.3333330452442169,
        0.3333330452442169,
        0.3333330452442169,
        0.3333330452442169,
        0.3333330452442169,
        0.3333330452442169,
        0.3333330452442169,
        0.3333330452442169,
        0.3333330452442169,
        0.3333330452442169,
        0.3333330452442169,
        0.3333330452442169,
        0.3333330452442169,
        0.3333330452442169,
        0.3333330452442169,
        0.3331793248653412,
        0.2009560763835907,
        0.08569537103176117,
        0.08323834836483002,
        0.08330246061086655,
        0.08330366015434265,
        0.08330368995666504,
        0.08330368250608444,
        0.08330367505550385,
        0.08330367505550385,
        0.08330366760492325,
        0.08330366015434265,
        0.08330366760492325,
        0.08330366015434265,
        0.08330366015434265,
        0.08330364525318146,
        0.08330365270376205,
        0.08330366015434265,
        0.08330366015434265,
        0.08330366015434265,
        0.08330365270376205,
        0.08330364525318146,
        0.08330366015434265,
        0.08330366015434265,
        0.08330363035202026,
        0.08330363780260086,
        0.08330363035202026,
        0.08330362290143967,
        0.08330362290143967,
        0.08330364525318146,
        0.08330363035202026,
        0.08330362290143967,
        0.08330361545085907,
        0.08330363035202026,
        0.08330363035202026,
        0.08330363035202026,
        0.08330361545085907,
        0.08330361545085907,
        0.08330362290143967,
        0.08330361545085907,
        0.08330360800027847,
        0.08330360054969788,
        0.08330360054969788,
        0.08330359309911728,
        0.08330360054969788,
        0.08330360800027847,
        0.08330359309911728,
        0.08330360054969788,
        0.08330357819795609,
        0.08330357819795609,
        0.08330357819795609,
        0.08330357074737549,
        0.08330358564853668,
        0.08330357074737549,
        0.08330357819795609,
        0.08330357074737549,
        0.08330357074737549,
        0.0833035558462143,
        0.0833035483956337,
        0.08330357074737549,
        0.0833035558462143,
        0.0833035558462143,
        0.0833035409450531,
        0.0833035483956337,
        0.0833035558462143,
        0.0833035409450531,
        0.0833035260438919,
        0.0833035409450531,
        0.0833035334944725,
        0.0833035334944725,
        0.0833035260438919,
        0.0833035483956337,
        0.08330350369215012,
        0.08330351859331131,
        0.0833035260438919,
        0.0833035334944725
    ]
}