{
    "network": [
        4,
        16,
        64,
        256,
        1024,
        3
    ],
    "alpha": 0.0005,
    "epochs": 100,
    "losses": [
        0.3333330452442169,
        0.3333330452442169,
        0.3333330452442169,
        0.3333330452442169,
        0.33331528306007385,
        0.05852110683917999,
        0.035000450909137726,
        0.035125941038131714,
        0.03512604162096977,
        0.03512607142329216,
        0.035126104950904846,
        0.03512613847851753,
        0.03512616083025932,
        0.03512619435787201,
        0.0351262241601944,
        0.035126250237226486,
        0.035126280039548874,
        0.03512630984187126,
        0.03512633219361305,
        0.03512636572122574,
        0.03512639179825783,
        0.03512641414999962,
        0.0351264514029026,
        0.035126470029354095,
        0.03512650355696678,
        0.03512652590870857,
        0.03512655571103096,
        0.035126592963933945,
        0.035126615315675735,
        0.035126641392707825,
        0.03512667119503021,
        0.0351266972720623,
        0.03512671962380409,
        0.03512674942612648,
        0.035126782953739166,
        0.03512680530548096,
        0.03512684255838394,
        0.03512687236070633,
        0.03512689843773842,
        0.035126928240060806,
        0.035126958042383194,
        0.03512698784470558,
        0.035127028822898865,
        0.035127051174640656,
        0.035127073526382446,
        0.035127099603414536,
        0.03512713685631752,
        0.03512715548276901,
        0.0351271852850914,
        0.035127218812704086,
        0.03512725606560707,
        0.03512728214263916,
        0.03512730449438095,
        0.03512733429670334,
        0.03512736037373543,
        0.03512740135192871,
        0.0351274348795414,
        0.035127460956573486,
        0.03512749820947647,
        0.03512752056121826,
        0.03512755036354065,
        0.03512757271528244,
        0.035127606242895126,
        0.035127632319927216,
        0.035127658396959305,
        0.03512769564986229,
        0.03512772545218468,
        0.03512774780392647,
        0.035127777606248856,
        0.03512781113386154,
        0.03512784466147423,
        0.03512787073850632,
        0.035127896815538406,
        0.03512793034315109,
        0.03512796014547348,
        0.03512798994779587,
        0.035128023475408554,
        0.03512805700302124,
        0.03512807935476303,
        0.03512810915708542,
        0.03512813150882721,
        0.03512817621231079,
        0.03512819856405258,
        0.03512822091579437,
        0.03512824699282646,
        0.035128284245729446,
        0.03512830659747124,
        0.03512834012508392,
        0.035128362476825714,
        0.0351283922791481,
        0.03512841463088989,
        0.03512844443321228,
        0.035128477960824966,
        0.03512851148843765,
        0.03512853384017944,
        0.035128574818372726,
        0.035128600895404816,
        0.035128626972436905,
        0.035128653049468994,
        0.03512868657708168
    ]
}