{
    "network": [
        4,
        16,
        64,
        256,
        3
    ],
    "alpha": 1e-06,
    "epochs": 100,
    "losses": [
        28.000993728637695,
        24.09547996520996,
        20.89699363708496,
        18.243648529052734,
        16.034238815307617,
        14.200705528259277,
        12.646921157836914,
        11.306838035583496,
        10.147144317626953,
        9.142434120178223,
        8.261469841003418,
        7.485278606414795,
        6.800304889678955,
        6.194352149963379,
        5.661007881164551,
        5.1936354637146,
        4.783053874969482,
        4.420473575592041,
        4.100400447845459,
        3.8178231716156006,
        3.5699462890625,
        3.352370500564575,
        3.1593823432922363,
        2.9881985187530518,
        2.8347694873809814,
        2.696692943572998,
        2.5713212490081787,
        2.4576687812805176,
        2.3544886112213135,
        2.2603325843811035,
        2.1734185218811035,
        2.0935399532318115,
        2.0207571983337402,
        1.9536080360412598,
        1.8916075229644775,
        1.834030032157898,
        1.7804772853851318,
        1.730653166770935,
        1.6843714714050293,
        1.641466736793518,
        1.6018484830856323,
        1.5651147365570068,
        1.5310496091842651,
        1.499127745628357,
        1.4691998958587646,
        1.4409778118133545,
        1.4143073558807373,
        1.3892706632614136,
        1.3656240701675415,
        1.3430861234664917,
        1.3216867446899414,
        1.3012943267822266,
        1.281786322593689,
        1.2630813121795654,
        1.2451229095458984,
        1.2278937101364136,
        1.2114207744598389,
        1.1955862045288086,
        1.1803325414657593,
        1.1656914949417114,
        1.151611566543579,
        1.138101577758789,
        1.1250369548797607,
        1.112472414970398,
        1.10037100315094,
        1.088677167892456,
        1.077389121055603,
        1.0665115118026733,
        1.055975079536438,
        1.0458123683929443,
        1.0360562801361084,
        1.0266762971878052,
        1.0175895690917969,
        1.0087769031524658,
        1.0002790689468384,
        0.992058515548706,
        0.9841369986534119,
        0.9764772057533264,
        0.9690369963645935,
        0.9618123769760132,
        0.9548221230506897,
        0.9480385780334473,
        0.941409707069397,
        0.9349472522735596,
        0.928679347038269,
        0.9226190447807312,
        0.9167677760124207,
        0.9110527634620667,
        0.9054730534553528,
        0.9000497460365295,
        0.8947625160217285,
        0.8895924091339111,
        0.8845411539077759,
        0.8796011805534363,
        0.8747673630714417,
        0.8700553774833679,
        0.865445077419281,
        0.8609169721603394,
        0.8565048575401306,
        0.852189838886261
    ]
}