{
    "network": [
        4,
        16,
        64,
        256,
        3
    ],
    "alpha": 1e-05,
    "epochs": 100,
    "losses": [
        11.003072738647461,
        3.50372576713562,
        1.6413568258285522,
        1.0281964540481567,
        0.7447636127471924,
        0.5798540115356445,
        0.47131505608558655,
        0.39585602283477783,
        0.34164223074913025,
        0.30106818675994873,
        0.26978760957717896,
        0.24544879794120789,
        0.22649429738521576,
        0.2114388793706894,
        0.19896017014980316,
        0.18856613337993622,
        0.17984916269779205,
        0.1724889725446701,
        0.16625121235847473,
        0.16089802980422974,
        0.15632684528827667,
        0.1523905247449875,
        0.14898492395877838,
        0.14602239429950714,
        0.14343903958797455,
        0.1411718875169754,
        0.1391935795545578,
        0.13744497299194336,
        0.13590815663337708,
        0.13455159962177277,
        0.13334563374519348,
        0.13228200376033783,
        0.13134393095970154,
        0.1305094063282013,
        0.12976451218128204,
        0.12910276651382446,
        0.12851153314113617,
        0.12797968089580536,
        0.1275065839290619,
        0.12708713114261627,
        0.12671218812465668,
        0.1263750046491623,
        0.12607011198997498,
        0.12579628825187683,
        0.12555155158042908,
        0.125331848859787,
        0.1251332312822342,
        0.12495549768209457,
        0.12479562312364578,
        0.12465354055166245,
        0.12452623248100281,
        0.12441228330135345,
        0.12431171536445618,
        0.12422395497560501,
        0.1241457536816597,
        0.12407684326171875,
        0.12401627004146576,
        0.12396261841058731,
        0.12391585111618042,
        0.12387534230947495,
        0.12384042143821716,
        0.12380979210138321,
        0.12378372251987457,
        0.12376192957162857,
        0.12374375015497208,
        0.12372968345880508,
        0.12371789664030075,
        0.12370843440294266,
        0.12370247393846512,
        0.12369795888662338,
        0.12369599938392639,
        0.12369509786367416,
        0.12369567900896072,
        0.12369780242443085,
        0.12370090931653976,
        0.12370515614748001,
        0.12371078878641129,
        0.12371622771024704,
        0.1237226277589798,
        0.12372935563325882,
        0.12373695522546768,
        0.12374427914619446,
        0.12375276535749435,
        0.12376126646995544,
        0.12376925349235535,
        0.12377725541591644,
        0.12378549575805664,
        0.12379390001296997,
        0.12380245327949524,
        0.1238102987408638,
        0.12381836026906967,
        0.12382615357637405,
        0.12383401393890381,
        0.12384187430143356,
        0.12384951859712601,
        0.12385711818933487,
        0.12386458367109299,
        0.12387142330408096,
        0.12387824058532715,
        0.12388446927070618
    ]
}