{
    "network": [
        4,
        16,
        64,
        256,
        3
    ],
    "alpha": 1e-05,
    "epochs": 100,
    "losses": [
        14.03666877746582,
        5.376121997833252,
        2.90392804145813,
        2.016169786453247,
        1.6009315252304077,
        1.3684272766113281,
        1.2232266664505005,
        1.119500756263733,
        1.0372332334518433,
        0.9698911905288696,
        0.9140521287918091,
        0.8668562173843384,
        0.8270806074142456,
        0.793110191822052,
        0.7642840147018433,
        0.7395426630973816,
        0.7181562185287476,
        0.6994349360466003,
        0.6830319166183472,
        0.6688262820243835,
        0.6563591957092285,
        0.6452561616897583,
        0.6353421807289124,
        0.6264910101890564,
        0.6184651851654053,
        0.6112039089202881,
        0.6047694683074951,
        0.5990461111068726,
        0.593856155872345,
        0.5891119241714478,
        0.5849127173423767,
        0.5812646150588989,
        0.578169047832489,
        0.5754896402359009,
        0.5730897188186646,
        0.5709177851676941,
        0.5689278244972229,
        0.5670810341835022,
        0.5653631687164307,
        0.5637557506561279,
        0.5622298121452332,
        0.5607770681381226,
        0.5594373345375061,
        0.5581812262535095,
        0.5569584965705872,
        0.5557376742362976,
        0.5545665621757507,
        0.5534425973892212,
        0.5523591637611389,
        0.5513070225715637,
        0.550275444984436,
        0.5492746233940125,
        0.5483080744743347,
        0.5473762154579163,
        0.5464581251144409,
        0.545560359954834,
        0.5446878671646118,
        0.5438424944877625,
        0.5430113077163696,
        0.5422021150588989,
        0.5414174795150757,
        0.5406544208526611,
        0.5399178862571716,
        0.539207398891449,
        0.5385167002677917,
        0.5378390550613403,
        0.5371719598770142,
        0.5365167856216431,
        0.5358715057373047,
        0.5352347493171692,
        0.5346081256866455,
        0.533992350101471,
        0.5333883166313171,
        0.5327929258346558,
        0.532206118106842,
        0.5316294431686401,
        0.5310588479042053,
        0.5304940342903137,
        0.5299351215362549,
        0.5293828248977661,
        0.5288355946540833,
        0.5282948613166809,
        0.5277589559555054,
        0.5272374153137207,
        0.5267439484596252,
        0.5262629985809326,
        0.5257948637008667,
        0.5253329873085022,
        0.5248746871948242,
        0.5244171619415283,
        0.5239591002464294,
        0.523503303527832,
        0.5230550765991211,
        0.5226161479949951,
        0.5221879482269287,
        0.5217732787132263,
        0.5213611721992493,
        0.5209514498710632,
        0.5205438733100891,
        0.5201365947723389
    ]
}