{
    "alpha": 0.0001,
    "epochs": 300,
    "losses": [
        0.17063263058662415,
        0.16977286338806152,
        0.16892345249652863,
        0.16808471083641052,
        0.1672561764717102,
        0.16643808782100677,
        0.16563022136688232,
        0.16483265161514282,
        0.1640450656414032,
        0.1632675975561142,
        0.16250011324882507,
        0.16174253821372986,
        0.16099484264850616,
        0.16025684773921967,
        0.15952850878238678,
        0.1588098555803299,
        0.15810061991214752,
        0.15740084648132324,
        0.1567104309797287,
        0.1560293436050415,
        0.1553572565317154,
        0.15469443798065186,
        0.15404048562049866,
        0.15339551866054535,
        0.15275944769382477,
        0.15213198959827423,
        0.15151317417621613,
        0.15090297162532806,
        0.15030117332935333,
        0.14970779418945312,
        0.14912278950214386,
        0.1485459804534912,
        0.14797718822956085,
        0.14741642773151398,
        0.14686357975006104,
        0.14631862938404083,
        0.14578141272068024,
        0.1452518254518509,
        0.1447298526763916,
        0.14421530067920685,
        0.1437082439661026,
        0.14320842921733856,
        0.14271585643291473,
        0.14223043620586395,
        0.14175201952457428,
        0.14128053188323975,
        0.14081592857837677,
        0.14035819470882416,
        0.1399071216583252,
        0.13946260511875153,
        0.13902463018894196,
        0.1385931819677353,
        0.13816802203655243,
        0.13774925470352173,
        0.1373365819454193,
        0.13693001866340637,
        0.13652954995632172,
        0.1361350566148758,
        0.13574641942977905,
        0.13536354899406433,
        0.1349865049123764,
        0.1346150040626526,
        0.13424912095069885,
        0.13388869166374207,
        0.13353382050991058,
        0.13318416476249695,
        0.1328398585319519,
        0.13250067830085754,
        0.13216671347618103,
        0.13183780014514923,
        0.1315138190984726,
        0.13119478523731232,
        0.13088059425354004,
        0.130571186542511,
        0.13026651740074158,
        0.12996640801429749,
        0.12967099249362946,
        0.12938009202480316,
        0.12909358739852905,
        0.12881149351596832,
        0.1285337209701538,
        0.1282602846622467,
        0.1279909610748291,
        0.12772582471370697,
        0.12746474146842957,
        0.12720772624015808,
        0.1269546002149582,
        0.12670540809631348,
        0.12646010518074036,
        0.12621857225894928,
        0.12598079442977905,
        0.1257466971874237,
        0.12551617622375488,
        0.1252892166376114,
        0.125065878033638,
        0.12484600394964218,
        0.12462946772575378,
        0.12441634386777878,
        0.1242065578699112,
        0.12400002777576447,
        0.12379667162895203,
        0.12359652668237686,
        0.1233995333313942,
        0.12320554256439209,
        0.12301460653543472,
        0.1228267177939415,
        0.12264169007539749,
        0.12245962768793106,
        0.12228040397167206,
        0.12210386991500854,
        0.12193026393651962,
        0.12175930291414261,
        0.1215910091996193,
        0.12142539024353027,
        0.121262326836586,
        0.12110189348459244,
        0.12094397842884064,
        0.12078853696584702,
        0.12063544243574142,
        0.12048487365245819,
        0.1203366219997406,
        0.12019070237874985,
        0.12004713714122772,
        0.1199057549238205,
        0.11976666748523712,
        0.11962971091270447,
        0.11949498951435089,
        0.11936232447624207,
        0.11923183500766754,
        0.11910337209701538,
        0.11897687613964081,
        0.11885242909193039,
        0.11872996389865875,
        0.11860939115285873,
        0.11849077045917511,
        0.1183740645647049,
        0.11825908720493317,
        0.11814599484205246,
        0.11803470551967621,
        0.11792518943548203,
        0.11781733483076096,
        0.11771126091480255,
        0.11760682612657547,
        0.1175040453672409,
        0.11740294098854065,
        0.11730340868234634,
        0.11720544099807739,
        0.11710900813341141,
        0.11701419204473495,
        0.11692079156637192,
        0.11682888120412827,
        0.116738460958004,
        0.11664944142103195,
        0.1165618896484375,
        0.11647569388151169,
        0.1163909062743187,
        0.1163073405623436,
        0.11622525751590729,
        0.11614438891410828,
        0.11606483906507492,
        0.11598653346300125,
        0.11590951681137085,
        0.11583365499973297,
        0.11575902253389359,
        0.11568561941385269,
        0.11561335623264313,
        0.11554223299026489,
        0.11547218263149261,
        0.11540335416793823,
        0.11533553153276443,
        0.11526887863874435,
        0.11520317196846008,
        0.11513862758874893,
        0.1150750145316124,
        0.11501243710517883,
        0.11495091766119003,
        0.11489034444093704,
        0.11483069509267807,
        0.1147720217704773,
        0.11471422761678696,
        0.11465741693973541,
        0.11460154503583908,
        0.11454644799232483,
        0.11449228972196579,
        0.11443900316953659,
        0.11438655853271484,
        0.11433497071266174,
        0.11428413540124893,
        0.11423412710428238,
        0.11418499052524567,
        0.11413658410310745,
        0.11408893764019012,
        0.11404204368591309,
        0.11399587243795395,
        0.11395051330327988,
        0.11390586197376251,
        0.11386187374591827,
        0.11381859332323074,
        0.11377602815628052,
        0.11373413354158401,
        0.11369285732507706,
        0.1136522963643074,
        0.11361236870288849,
        0.11357305198907852,
        0.1135343685746193,
        0.11349628865718842,
        0.11345889419317245,
        0.11342199146747589,
        0.11338572204113007,
        0.11335000395774841,
        0.11331489682197571,
        0.11328031122684479,
        0.11324629932641983,
        0.11321279406547546,
        0.11317985504865646,
        0.11314745992422104,
        0.11311552673578262,
        0.11308413743972778,
        0.11305317282676697,
        0.1130228191614151,
        0.11299289762973785,
        0.11296343803405762,
        0.11293445527553558,
        0.11290589720010757,
        0.11287786066532135,
        0.11285021901130676,
        0.1128230169415474,
        0.11279629170894623,
        0.11276991665363312,
        0.11274401843547821,
        0.11271855980157852,
        0.1126934215426445,
        0.1126687154173851,
        0.11264442652463913,
        0.112620510160923,
        0.11259690672159195,
        0.11257379502058029,
        0.1125510036945343,
        0.11252854019403458,
        0.11250648647546768,
        0.11248475313186646,
        0.1124633327126503,
        0.11244231462478638,
        0.11242159456014633,
        0.11240117996931076,
        0.11238119006156921,
        0.11236140131950378,
        0.112341970205307,
        0.1123228371143341,
        0.11230401694774628,
        0.11228551715612411,
        0.11226725578308105,
        0.11224935203790665,
        0.11223170161247253,
        0.11221429705619812,
        0.11219722032546997,
        0.11218039691448212,
        0.11216384172439575,
        0.1121475026011467,
        0.11213147640228271,
        0.11211568117141724,
        0.11210016161203384,
        0.11208483576774597,
        0.11206986010074615,
        0.11205501854419708,
        0.1120404303073883,
        0.11202610284090042,
        0.11201194673776627,
        0.11199808865785599,
        0.11198439449071884,
        0.11197089403867722,
        0.11195770651102066,
        0.11194468289613724,
        0.11193180084228516,
        0.11191918700933456,
