{
    "network": [
        4,
        16,
        64,
        256,
        3
    ],
    "alpha": 1e-05,
    "epochs": 600,
    "losses": [
        0.3318597674369812,
        0.33183297514915466,
        0.3318060338497162,
        0.33177831768989563,
        0.33175036311149597,
        0.3317220211029053,
        0.3316930830478668,
        0.33166366815567017,
        0.33163368701934814,
        0.33160334825515747,
        0.33157238364219666,
        0.3315410017967224,
        0.3315091133117676,
        0.3314768373966217,
        0.3314439058303833,
        0.3314101994037628,
        0.331376314163208,
        0.33134162425994873,
        0.33130666613578796,
        0.33127084374427795,
        0.33123448491096497,
        0.3311976492404938,
        0.33116012811660767,
        0.3311220407485962,
        0.3310834467411041,
        0.3310440480709076,
        0.3310040831565857,
        0.3309635519981384,
        0.33092233538627625,
        0.33088043332099915,
        0.3308379650115967,
        0.33079472184181213,
        0.3307506740093231,
        0.33070603013038635,
        0.33066079020500183,
        0.33061471581459045,
        0.3305679261684418,
        0.33052048087120056,
        0.3304722011089325,
        0.3304232358932495,
        0.33037349581718445,
        0.33032292127609253,
        0.33027178049087524,
        0.33021947741508484,
        0.3301665484905243,
        0.3301127851009369,
        0.33005815744400024,
        0.3300028145313263,
        0.329946368932724,
        0.3298892676830292,
        0.3298311233520508,
        0.32977232336997986,
        0.3297123908996582,
        0.32965153455734253,
        0.3295898735523224,
        0.32952722907066345,
        0.3294636905193329,
        0.32939907908439636,
        0.32933366298675537,
        0.32926711440086365,
        0.32919955253601074,
        0.3291309177875519,
        0.32906147837638855,
        0.32899072766304016,
        0.328918993473053,
        0.32884615659713745,
        0.3287724256515503,
        0.3286973536014557,
        0.3286212384700775,
        0.3285439908504486,
        0.3284657299518585,
        0.3283861577510834,
        0.3283053934574127,
        0.3282233476638794,
        0.3281402289867401,
        0.32805585861206055,
        0.3279702067375183,
        0.32788342237472534,
        0.32779520750045776,
        0.32770586013793945,
        0.3276151120662689,
        0.3275230824947357,
        0.3274296522140503,
        0.3273349106311798,
        0.32723870873451233,
        0.3271411061286926,
        0.3270421326160431,
        0.32694172859191895,
        0.3268398940563202,
        0.32673659920692444,
        0.3266317844390869,
        0.3265255391597748,
        0.3264177739620209,
        0.3263085186481476,
        0.3261975049972534,
        0.3260852098464966,
        0.3259710371494293,
        0.32585522532463074,
        0.32573801279067993,
        0.3256191611289978,
        0.32549840211868286,
        0.3253761827945709,
        0.3252521753311157,
        0.32512643933296204,
        0.3249989449977875,
        0.32486969232559204,
        0.324738472700119,
        0.32460570335388184,
        0.32447099685668945,
        0.32433435320854187,
        0.32419589161872864,
        0.324055552482605,
        0.3239132761955261,
        0.32376906275749207,
        0.3236228823661804,
        0.3234747350215912,
        0.32332468032836914,
        0.323172390460968,
        0.3230181038379669,
        0.3228618800640106,
        0.32270336151123047,
        0.32254284620285034,
        0.3223802447319031,
        0.32221537828445435,
        0.32204824686050415,
        0.3218788802623749,
        0.3217073976993561,
        0.32153356075286865,
        0.3213575482368469,
        0.3211791515350342,
        0.3209984302520752,
        0.32081538438796997,
        0.32062986493110657,
        0.3204421401023865,
        0.3202517032623291,
        0.32005906105041504,
        0.3198637366294861,
        0.31966596841812134,
        0.31946563720703125,
        0.3192628026008606,
        0.3190574049949646,
        0.31884926557540894,
        0.31863880157470703,
        0.3184252381324768,
        0.31820935010910034,
        0.3179905116558075,
        0.3177690804004669,
        0.31754472851753235,
        0.3173176348209381,
        0.31708788871765137,
        0.31685513257980347,
        0.3166196346282959,
        0.31638121604919434,
        0.3161398470401764,
        0.3158953785896301,
        0.31564822793006897,
        0.31539779901504517,
        0.3151445984840393,
        0.3148881494998932,
        0.31462880969047546,
        0.31436625123023987,
        0.3141006827354431,
        0.3138319253921509,
        0.3135599195957184,
        0.313284695148468,
        0.31300631165504456,
        0.3127245604991913,
        0.31243962049484253,
        0.31215134263038635,
        0.3118596374988556,
        0.31156468391418457,
        0.31126639246940613,
        0.3109644949436188,
        0.31065934896469116,
        0.3103507161140442,
        0.31003856658935547,
        0.30972275137901306,
        0.3094034790992737,
        0.30908074975013733,
        0.30875444412231445,
        0.3084244132041931,
        0.30809080600738525,
        0.30775347352027893,
        0.307412713766098,
        0.3070681393146515,
        0.3067198395729065,
        0.3063676655292511,
        0.306011825799942,
        0.30565211176872253,
        0.30528873205184937,
        0.30492138862609863,
        0.3045503795146942,
        0.30417534708976746,
        0.3037963807582855,
        0.30341362953186035,
        0.30302682518959045,
        0.3026360869407654,
        0.30224138498306274,
        0.3018427789211273,
        0.3014400899410248,
        0.3010333180427551,
        0.3006225526332855,
        0.30020782351493835,
        0.2997888922691345,
        0.2993659973144531,
        0.29893895983695984,
        0.2985076904296875,
        0.2980722486972809,
        0.29763278365135193,
        0.29718902707099915,
        0.2967411279678345,
        0.2962890565395355,
        0.2958328425884247,
        0.29537224769592285,
        0.2949075400829315,
        0.29443857073783875,
        0.29396548867225647,
        0.2934880256652832,
        0.29300642013549805,
        0.2925204336643219,
        0.2920302450656891,
        0.2915358245372772,
        0.29103705286979675,
        0.2905340790748596,
        0.29002660512924194,
        0.28951501846313477,
        0.28899919986724854,
        0.28847888112068176,
        0.2879544794559479,
        0.2874257266521454,
        0.28689268231391907,
        0.28635525703430176,
        0.2858138084411621,
        0.2852678894996643,
        0.2847177982330322,
        0.2841632664203644,
        0.28360456228256226,
        0.28304171562194824,
        0.28247445821762085,
        0.28190311789512634,
        0.28132742643356323,
        0.28074759244918823,
        0.28016358613967896,
        0.27957531809806824,
        0.27898287773132324,
        0.27838632464408875,
        0.2777855098247528,
        0.27718064188957214,
        0.27657175064086914,
        0.2759588062763214,
        0.275341659784317,
        0.2747204601764679,
        0.2740953266620636,
        0.27346619963645935,
        0.2728331387042999,
        0.27219611406326294,
        0.27155518531799316,
        0.27091023325920105,
        0.2702615559101105,
        0.2696090042591095,
        0.26895272731781006,
        0.2682928144931793,
        0.26762905716896057,
        0.26696157455444336,
        0.2662905156612396,
        0.26561591029167175,
        0.2649376094341278,
        0.2642557621002197,
        0.2635703980922699,
        0.26288169622421265,
        0.2621895670890808,
        0.261493980884552,
        0.26079514622688293,
        0.2600930631160736,
        0.25938770174980164,
        0.25867921113967896,
