{
    "alpha": 0.0001,
    "epochs": 100,
    "losses": [
        0.1814706176519394,
        0.18036407232284546,
        0.1792706698179245,
        0.17819039523601532,
        0.1771233230829239,
        0.17606933414936066,
        0.1750284731388092,
        0.17400074005126953,
        0.17298606038093567,
        0.17198440432548523,
        0.1709957867860794,
        0.1700202375650406,
        0.16905748844146729,
        0.16810770332813263,
        0.1671706885099411,
        0.1662464141845703,
        0.1653348058462143,
        0.16443580389022827,
        0.16354940831661224,
        0.16267544031143188,
        0.16181384027004242,
        0.1609644591808319,
        0.16012728214263916,
        0.15930220484733582,
        0.1584891825914383,
        0.15768805146217346,
        0.15689876675605774,
        0.15612120926380157,
        0.15535515546798706,
        0.15460066497325897,
        0.15385755896568298,
        0.15312570333480835,
        0.1524050086736679,
        0.1516953855752945,
        0.15099672973155975,
        0.15030887722969055,
        0.14963167905807495,
        0.14896520972251892,
        0.14830905199050903,
        0.14766326546669006,
        0.14702779054641724,
        0.14640238881111145,
        0.14578688144683838,
        0.14518140256404877,
        0.14458559453487396,
        0.14399941265583038,
        0.14342279732227325,
        0.1428554654121399,
        0.1422974169254303,
        0.1417485922574997,
        0.1412087082862854,
        0.14067772030830383,
        0.1401555836200714,
        0.139642134308815,
        0.1391371637582779,
        0.13864055275917053,
        0.1381523460149765,
        0.13767234981060028,
        0.13720038533210754,
        0.13673634827136993,
        0.13628022372722626,
        0.135831817984581,
        0.1353909820318222,
        0.13495765626430511,
        0.13453178107738495,
        0.1341131180524826,
        0.1337016522884369,
        0.13329735398292542,
        0.13289986550807953,
        0.1325092911720276,
        0.13212546706199646,
        0.1317482888698578,
        0.1313776820898056,
        0.1310134381055832,
        0.13065554201602936,
        0.13030393421649933,
        0.1299583911895752,
        0.12961894273757935,
        0.12928543984889984,
        0.12895774841308594,
        0.12863580882549286,
        0.12831950187683105,
        0.1280088722705841,
        0.1277036815881729,
        0.12740382552146912,
        0.12710927426815033,
        0.12681987881660461,
        0.12653577327728271,
        0.12625661492347717,
        0.12598243355751038,
        0.12571309506893158,
        0.1254485547542572,
        0.12518876791000366,
        0.12493357807397842,
        0.1246829479932785,
        0.12443672120571136,
        0.12419500946998596,
        0.1239575743675232,
        0.12372440844774246,
        0.1234954372048378
    ]
}