{
    "network": [
        4,
        16,
        64,
        256,
        3
    ],
    "alpha": 1e-06,
    "epochs": 100,
    "losses": [
        16.11715316772461,
        14.076387405395508,
        12.353158950805664,
        10.886228561401367,
        9.62863540649414,
        8.543807983398438,
        7.6029133796691895,
        6.783040523529053,
        6.068244457244873,
        5.458073616027832,
        4.9371418952941895,
        4.48045539855957,
        4.079317569732666,
        3.725250720977783,
        3.41579270362854,
        3.1471235752105713,
        2.909876585006714,
        2.6968936920166016,
        2.503699779510498,
        2.3285558223724365,
        2.1701269149780273,
        2.0273046493530273,
        1.8984901905059814,
        1.7826482057571411,
        1.6780868768692017,
        1.583077311515808,
        1.4964168071746826,
        1.416866660118103,
        1.3440271615982056,
        1.2773305177688599,
        1.215930461883545,
        1.1592457294464111,
        1.1068106889724731,
        1.0582038164138794,
        1.0134093761444092,
        0.9721375703811646,
        0.9341261982917786,
        0.8989136219024658,
        0.8662679195404053,
        0.835798978805542,
        0.8073545098304749,
        0.7807154655456543,
        0.7558225393295288,
        0.7327502965927124,
        0.7112210988998413,
        0.691020667552948,
        0.6719428300857544,
        0.6538347601890564,
        0.6366384625434875,
        0.6202684640884399,
        0.6045826077461243,
        0.589564323425293,
        0.5751265287399292,
        0.5613008737564087,
        0.5480151772499084,
        0.5352736115455627,
        0.523037850856781,
        0.5112788677215576,
        0.49998924136161804,
        0.48916831612586975,
        0.4788174033164978,
        0.46886709332466125,
        0.4593186676502228,
        0.4501333236694336,
        0.441282719373703,
        0.43274378776550293,
        0.4244946837425232,
        0.4165171682834625,
        0.4088018536567688,
        0.40134263038635254,
        0.3941599726676941,
        0.387271523475647,
        0.3806151747703552,
        0.3741990625858307,
        0.3680225610733032,
        0.3620854914188385,
        0.3563861846923828,
        0.35090410709381104,
        0.3456190824508667,
        0.3405151069164276,
        0.3355695307254791,
        0.330787718296051,
        0.3261701166629791,
        0.3216962218284607,
        0.3173491060733795,
        0.3131292462348938,
        0.3090304732322693,
        0.30504950881004333,
        0.301191121339798,
        0.2974396347999573,
        0.2937919795513153,
        0.2902370095252991,
        0.28678131103515625,
        0.28342610597610474,
        0.28016793727874756,
        0.2770110070705414,
        0.27393820881843567,
        0.27094385027885437,
        0.26802825927734375,
        0.26518112421035767
    ]
}