{
    "network": [
        4,
        16,
        64,
        256,
        3
    ],
    "alpha": 1e-05,
    "epochs": 600,
    "losses": [
        11.45875072479248,
        3.684720516204834,
        1.7320613861083984,
        1.0828083753585815,
        0.7718027234077454,
        0.5864092707633972,
        0.4668565094470978,
        0.3900628685951233,
        0.337858647108078,
        0.2992130517959595,
        0.26938939094543457,
        0.24580921232700348,
        0.2267368882894516,
        0.21107947826385498,
        0.19810034334659576,
        0.1872088611125946,
        0.17808544635772705,
        0.1703220009803772,
        0.16366125643253326,
        0.1579238325357437,
        0.15300393104553223,
        0.1487630307674408,
        0.1450808197259903,
        0.14187966287136078,
        0.13908575475215912,
        0.1366410106420517,
        0.1344900131225586,
        0.13260439038276672,
        0.1309417188167572,
        0.1294718235731125,
        0.12817086279392242,
        0.12701456248760223,
        0.12598983943462372,
        0.12507939338684082,
        0.12426557391881943,
        0.12353935837745667,
        0.12288834154605865,
        0.12230245023965836,
        0.12177348136901855,
        0.12129659205675125,
        0.1208665519952774,
        0.12047706544399261,
        0.12012465298175812,
        0.11980784684419632,
        0.11952131986618042,
        0.11926286667585373,
        0.11902974545955658,
        0.11881905049085617,
        0.11863015592098236,
        0.11846183985471725,
        0.11830945312976837,
        0.11817187070846558,
        0.11804737150669098,
        0.11793454736471176,
        0.1178322359919548,
        0.11774012446403503,
        0.1176568865776062,
        0.11758201569318771,
        0.11751410365104675,
        0.11745356768369675,
        0.1173994243144989,
        0.11735057085752487,
        0.11730718612670898,
        0.11726824939250946,
        0.11723372340202332,
        0.11720311641693115,
        0.11717644333839417,
        0.1171531081199646,
        0.11713257431983948,
        0.11711563169956207,
        0.11710067838430405,
        0.11708866059780121,
        0.11707787960767746,
        0.117068812251091,
        0.11706152558326721,
        0.11705558747053146,
        0.11705148220062256,
        0.11704801023006439,
        0.11704550683498383,
        0.1170441210269928,
        0.11704352498054504,
        0.11704392731189728,
        0.11704488098621368,
        0.11704620718955994,
        0.11704812943935394,
        0.11705049127340317,
        0.11705320328474045,
        0.11705628782510757,
        0.11705979704856873,
        0.11706343293190002,
        0.11706702411174774,
        0.11707106232643127,
        0.11707509309053421,
        0.11707913875579834,
        0.11708323657512665,
        0.11708725243806839,
        0.11709126830101013,
        0.11709531396627426,
        0.11709945648908615,
        0.11710339784622192,
        0.11710745841264725,
        0.11711087822914124,
        0.11711496114730835,
        0.11711812764406204,
        0.11712120473384857,
        0.11712408065795898,
        0.11712664365768433,
        0.11712884902954102,
        0.11713100969791412,
        0.11713293939828873,
        0.1171347051858902,
        0.11713621765375137,
        0.1171378493309021,
        0.11713918298482895,
        0.11714042723178864,
        0.11714130640029907,
        0.11714200675487518,
        0.11714265495538712,
        0.11714371293783188,
        0.11714363098144531,
        0.11714363098144531,
        0.11714321374893188,
        0.11714272946119308,
        0.11714206635951996,
        0.11714138090610504,
        0.11714033782482147,
        0.1171395406126976,
        0.1171383336186409,
        0.11713698506355286,
        0.11713556945323944,
        0.11713404953479767,
        0.11713220179080963,
        0.1171308159828186,
        0.11712856590747833,
        0.11712628602981567,
        0.11712408810853958,
        0.11712171137332916,
        0.11711934953927994,
        0.11711686849594116,
        0.11711438745260239,
        0.117111936211586,
        0.11710967123508453,
        0.11710713803768158,
        0.11710449308156967,
        0.1171019896864891,
        0.11709924042224884,
        0.11709657311439514,
        0.11709386110305786,
        0.11709101498126984,
        0.11708824336528778,
        0.11708533018827438,
        0.11708255857229233,
        0.11707955598831177,
        0.11707668751478195,
        0.11707375943660736,
        0.1170707494020462,
        0.11706767231225967,
        0.11706461757421494,
        0.11706139892339706,
        0.1170586422085762,
        0.11705561727285385,
        0.11705254018306732,
        0.11704953759908676,
        0.1170465350151062,
        0.11704380065202713,
        0.11704068630933762,
        0.11703754961490631,
        0.11703447252511978,
        0.11703136563301086,
        0.11702834069728851,
        0.11702518910169601,
        0.11702218651771545,
        0.11701909452676773,
        0.11701609939336777,
        0.11701309680938721,
        0.11701013147830963,
        0.11700715869665146,
        0.11700408160686493,
        0.11700143665075302,
        0.1169985830783844,
        0.11699571460485458,
        0.11699286103248596,
        0.11699001491069794,
        0.11698722839355469,
        0.11698443442583084,
        0.11698164790868759,
        0.11697890609502792,
        0.11697615683078766,
        0.11697344481945038,
        0.11697075515985489,
        0.11696818470954895,
        0.1169654130935669,
        0.1169627383351326,
        0.11695998162031174,
        0.11695726215839386,
        0.11695455014705658,
        0.11695194244384766,
        0.11694920063018799,
        0.1169465184211731,
        0.11694362759590149,
        0.11694132536649704,
        0.11693871766328812,
        0.11693599820137024,
        0.1169334203004837,
        0.11693070083856583,
        0.1169281005859375,
        0.11692547053098679,
        0.11692286282777786,
        0.11692027002573013,
        0.11691758781671524,
        0.1169150322675705,
        0.11691243946552277,
        0.11690986901521683,
        0.11690724641084671,
        0.11690465360879898,
        0.11690202355384827,
        0.11689940094947815,
        0.11689682304859161,
        0.11689431965351105,
        0.11689196527004242,
        0.11688926815986633,
        0.11688671261072159,
        0.11688411980867386,
        0.11688145250082016,
        0.11687881499528885,
        0.11687656491994858,
        0.11687397211790085,
        0.11687137931585312,
        0.11686879396438599,
        0.11686623096466064,
        0.1168636605143547,
        0.11686112731695175,
        0.11685865372419357,
        0.1168561801314354,
        0.11685360223054886,
        0.11685112118721008,
        0.11684856563806534,
        0.11684595048427582,
        0.11684336513280869,
        0.11684060841798782,
        0.1168382316827774,
        0.11683560907840729,
        0.1168331652879715,
        0.11683060228824615,
        0.1168280839920044,
        0.11682547628879547,
        0.11682313680648804,
        0.11682072281837463,
        0.11681827902793884,
        0.11681574583053589,
        0.11681320518255234,
        0.11681066453456879,
        0.11680827289819717,
        0.11680575460195541,
        0.11680341511964798,
        0.116800956428051,
        0.11679837852716446,
        0.11679607629776001,
        0.11679386347532272,
        0.11679143458604813,
        0.11678911000490189,
        0.1167866513133049,
        0.11678426712751389,
        0.11678186058998108,
        0.11677966266870499,
        0.11677718162536621,
        0.11677491664886475,
        0.11677248775959015,
        0.11677008867263794,
        0.11676795035600662,
        0.11676567047834396,
        0.1167634129524231,
        0.11676111072301865,
