{
    "network": [
        4,
        16,
        64,
        256,
        3
    ],
    "alpha": 1e-05,
    "epochs": 300,
    "losses": [
        0.33259427547454834,
        0.33257970213890076,
        0.33256474137306213,
        0.33254948258399963,
        0.3325341045856476,
        0.33251819014549255,
        0.3325021266937256,
        0.33248570561408997,
        0.3324691951274872,
        0.33245202898979187,
        0.3324347138404846,
        0.33241719007492065,
        0.3323993384838104,
        0.3323809802532196,
        0.33236241340637207,
        0.33234351873397827,
        0.3323242664337158,
        0.3323046565055847,
        0.33228468894958496,
        0.33226439356803894,
        0.3322437107563019,
        0.3322226405143738,
        0.33220118284225464,
        0.332179456949234,
        0.33215710520744324,
        0.33213457465171814,
        0.33211153745651245,
        0.3320881426334381,
        0.33206436038017273,
        0.3320401608943939,
        0.33201533555984497,
        0.3319903016090393,
        0.3319646716117859,
        0.3319387137889862,
        0.33191221952438354,
        0.33188527822494507,
        0.331857830286026,
        0.33182984590530396,
        0.33180153369903564,
        0.33177271485328674,
        0.3317432403564453,
        0.33171340823173523,
        0.3316829800605774,
        0.33165183663368225,
        0.33162054419517517,
        0.3315884470939636,
        0.3315557837486267,
        0.33152279257774353,
        0.33148908615112305,
        0.33145466446876526,
        0.331419974565506,
        0.3313843011856079,
        0.3313482105731964,
        0.3313116431236267,
        0.33127424120903015,
        0.33123621344566345,
        0.3311975598335266,
        0.33115828037261963,
        0.3311183750629425,
        0.3310776650905609,
        0.33103641867637634,
        0.33099430799484253,
        0.3309515714645386,
        0.3309081494808197,
        0.330863893032074,
        0.33081895112991333,
        0.33077332377433777,
        0.33072686195373535,
        0.33067959547042847,
        0.3306315839290619,
        0.3305826187133789,
        0.3305329978466034,
        0.3304826617240906,
        0.3304313123226166,
        0.3303791284561157,
        0.3303260803222656,
        0.3302721679210663,
        0.3302173614501953,
        0.3301616609096527,
        0.3301050066947937,
        0.33004748821258545,
        0.3299890160560608,
        0.3299294710159302,
        0.3298691511154175,
        0.3298077881336212,
        0.329745352268219,
        0.3296819031238556,
        0.32961738109588623,
        0.3295518755912781,
        0.32948529720306396,
        0.32941770553588867,
        0.3293488025665283,
        0.3292790651321411,
        0.329208105802536,
        0.3291359841823578,
        0.3290626108646393,
        0.3289882242679596,
        0.3289125859737396,
        0.32883572578430176,
        0.32875773310661316,
        0.3286784589290619,
        0.3285978138446808,
        0.3285159766674042,
        0.32843273878097534,
        0.3283482491970062,
        0.3282625079154968,
        0.32817521691322327,
        0.32808685302734375,
        0.3279968202114105,
        0.32790544629096985,
        0.32781270146369934,
        0.3277185261249542,
        0.3276228904724121,
        0.32752570509910583,
        0.32742705941200256,
        0.3273266851902008,
        0.32722488045692444,
        0.3271216154098511,
        0.3270166516304016,
        0.3269100487232208,
        0.32680195569992065,
        0.326692134141922,
        0.32658058404922485,
        0.32646721601486206,
        0.3263523280620575,
        0.32623565196990967,
        0.3261171877384186,
        0.3259970247745514,
        0.32587483525276184,
        0.32575082778930664,
        0.3256251811981201,
        0.3254973888397217,
        0.3253677785396576,
        0.3252362310886383,
        0.32510265707969666,
        0.32496723532676697,
        0.3248298168182373,
        0.32469022274017334,
        0.32454851269721985,
        0.32440486550331116,
        0.3242590129375458,
        0.3241109848022461,
        0.3239608108997345,
        0.3238085210323334,
        0.32365402579307556,
        0.32349705696105957,
        0.323338121175766,
        0.3231765925884247,
        0.3230128586292267,
        0.32284682989120483,
        0.3226782977581024,
        0.32250744104385376,
        0.32233405113220215,
        0.3221580982208252,
        0.3219797909259796,
        0.32179880142211914,
        0.3216153681278229,
        0.32142922282218933,
        0.3212406635284424,
        0.32104936242103577,
        0.32085517048835754,
        0.3206583857536316,
        0.3204589784145355,
        0.3202567398548126,
        0.3200516402721405,
        0.31984370946884155,
        0.31963297724723816,
        0.3194192945957184,
        0.3192025423049927,
        0.3189830482006073,
        0.31876033544540405,
        0.3185347616672516,
        0.31830623745918274,
        0.31807440519332886,
        0.3178393542766571,
        0.31760144233703613,
        0.3173601031303406,
        0.3171156942844391,
        0.3168679177761078,
        0.31661686301231384,
        0.31636250019073486,
        0.31610479950904846,
        0.31584373116493225,
        0.31557929515838623,
        0.3153112530708313,
        0.31503984332084656,
        0.3147648870944977,
        0.3144863247871399,
        0.3142041563987732,
        0.31391841173171997,
        0.3136289119720459,
        0.3133358359336853,
        0.313039094209671,
        0.3127385377883911,
        0.3124341368675232,
        0.3121259808540344,
        0.31181398034095764,
        0.3114983141422272,
        0.3111784756183624,
        0.31085479259490967,
        0.31052693724632263,
        0.3101955056190491,
        0.3098597824573517,
        0.30952000617980957,
        0.3091762661933899,
        0.3088281452655792,
        0.3084757924079895,
        0.3081195056438446,
        0.3077589273452759,
        0.3073941767215729,
        0.3070250451564789,
        0.3066515326499939,
        0.3062737286090851,
        0.3058914542198181,
        0.30550506711006165,
        0.3051140308380127,
        0.30471858382225037,
        0.30431854724884033,
        0.3039140999317169,
        0.30350518226623535,
        0.30309170484542847,
        0.30267348885536194,
        0.3022507429122925,
        0.30182337760925293,
        0.3013911545276642,
        0.30095434188842773,
        0.30051299929618835,
        0.30006685853004456,
        0.2996158301830292,
        0.2991601228713989,
        0.29869964718818665,
        0.29823437333106995,
        0.29776424169540405,
        0.2972893714904785,
        0.296809583902359,
        0.2963249087333679,
        0.2958352565765381,
        0.29534074664115906,
        0.2948414087295532,
        0.29433709383010864,
        0.2938276529312134,
        0.29331329464912415,
        0.29279425740242004,
        0.29227015376091003,
        0.29174092411994934,
        0.2912067472934723,
        0.29066765308380127,
        0.29012346267700195,
        0.2895742356777191,
        0.2890200912952423,
        0.2884608209133148,
        0.2878965437412262,
        0.28732728958129883,
        0.2867530584335327,
        0.2861737012863159,
        0.28558942675590515,
        0.2849999666213989,
        0.28440558910369873,
        0.28380608558654785,
        0.2832016944885254,
        0.28259238600730896,
        0.2819780111312866,
        0.2813587188720703,
        0.28073444962501526,
        0.2801053822040558,
        0.279471218585968,
        0.2788323163986206,
        0.2781884968280792,
        0.2775398790836334,
        0.27688634395599365,
        0.27622807025909424,
        0.2755649983882904,
        0.2748970687389374,
        0.2742246389389038,
        0.2735474705696106,
        0.2728656232357025,
