{
    "network": [
        4,
        16,
        64,
        256,
        3
    ],
    "alpha": 1e-05,
    "epochs": 100,
    "losses": [
        0.3322601318359375,
        0.33223962783813477,
        0.3322190046310425,
        0.33219802379608154,
        0.33217653632164,
        0.332154780626297,
        0.33213263750076294,
        0.33211004734039307,
        0.332086980342865,
        0.33206382393836975,
        0.33204004168510437,
        0.3320159614086151,
        0.3319912850856781,
        0.33196625113487244,
        0.33194079995155334,
        0.3319149613380432,
        0.3318885266780853,
        0.3318619728088379,
        0.3318347632884979,
        0.3318069279193878,
        0.3317788243293762,
        0.33175015449523926,
        0.3317209482192993,
        0.3316914737224579,
        0.33166131377220154,
        0.331630676984787,
        0.3315995931625366,
        0.33156782388687134,
        0.3315356373786926,
        0.33150291442871094,
        0.3314695656299591,
        0.33143579959869385,
        0.33140116930007935,
        0.33136624097824097,
        0.3313307762145996,
        0.331294447183609,
        0.331257700920105,
        0.3312201499938965,
        0.3311822712421417,
        0.3311436176300049,
        0.33110418915748596,
        0.33106425404548645,
        0.3310237526893616,
        0.3309825360774994,
        0.33094051480293274,
        0.33089789748191833,
        0.33085453510284424,
        0.3308103680610657,
        0.3307657837867737,
        0.33072012662887573,
        0.33067387342453003,
        0.33062687516212463,
        0.33057910203933716,
        0.33053064346313477,
        0.33048132061958313,
        0.330431193113327,
        0.33038029074668884,
        0.33032840490341187,
        0.3302760720252991,
        0.3302225172519684,
        0.3301680386066437,
        0.33011293411254883,
        0.3300568163394928,
        0.3299999237060547,
        0.32994207739830017,
        0.3298831880092621,
        0.32982340455055237,
        0.32976284623146057,
        0.32970112562179565,
        0.3296385705471039,
        0.32957497239112854,
        0.32951027154922485,
        0.32944455742836,
        0.32937800884246826,
        0.3293102979660034,
        0.32924148440361023,
        0.32917165756225586,
        0.329100638628006,
        0.32902851700782776,
        0.3289555609226227,
        0.3288811445236206,
        0.3288056552410126,
        0.3287290334701538,
        0.32865110039711,
        0.3285720944404602,
        0.3284917175769806,
        0.3284103572368622,
        0.3283275067806244,
        0.32824358344078064,
        0.32815828919410706,
        0.3280717134475708,
        0.3279837369918823,
        0.32789450883865356,
        0.32780390977859497,
        0.3277117908000946,
        0.32761847972869873,
        0.3275236189365387,
        0.327427476644516,
        0.32732969522476196,
        0.3272306025028229
    ]
}