{
    "network": [
        4,
        16,
        64,
        256,
        1024,
        256,
        64,
        16,
        3
    ],
    "alpha": 0.0001,
    "epochs": 300,
    "losses": [
        0.3333330452442169,
        0.3333330452442169,
        0.3333330452442169,
        0.3333330452442169,
        0.3333330452442169,
        0.3333330452442169,
        0.3333330452442169,
        0.3333330452442169,
        0.3333330452442169,
        0.3333330452442169,
        0.3333330452442169,
        0.3333330452442169,
        0.3333330452442169,
        0.3333330452442169,
        0.3333330452442169,
        0.3333330452442169,
        0.3333330452442169,
        0.3333330452442169,
        0.3333330452442169,
        0.3333330452442169,
        0.3333330452442169,
        0.3333330452442169,
        0.3333330452442169,
        0.3333330452442169,
        0.3333330452442169,
        0.17452728748321533,
        0.11777687072753906,
        0.11788294464349747,
        0.11788295954465866,
        0.11788306385278702,
        0.10155659914016724,
        0.010024260729551315,
        0.010041598230600357,
        0.010041613131761551,
        0.010041652247309685,
        0.010041697882115841,
        0.01004156656563282,
        0.010041678324341774,
        0.010041666217148304,
        0.010041660629212856,
        0.01004165131598711,
        0.010041642002761364,
        0.010041581466794014,
        0.01004170160740614,
        0.010041577741503716,
        0.010041669011116028,
        0.010041609406471252,
        0.010041577741503716,
        0.010041632689535618,
        0.010041645728051662,
        0.010041626170277596,
        0.010041655041277409,
        0.010041672736406326,
        0.010041666217148304,
        0.010041734203696251,
        0.010041601024568081,
        0.010041657835245132,
        0.010041581466794014,
        0.010041598230600357,
        0.01004162710160017,
        0.010041563771665096,
        0.01004177238792181,
        0.0100416773930192,
        0.010041636414825916,
        0.010041710920631886,
        0.010041620582342148,
        0.010041685774922371,
        0.01004166528582573,
        0.010041696019470692,
        0.010041755624115467,
        0.010041697882115841,
        0.010041605681180954,
        0.010041740722954273,
        0.010041606612503529,
        0.010041582398116589,
        0.010041685774922371,
        0.010041609406471252,
        0.010041682049632072,
        0.010041669011116028,
        0.010041611269116402,
        0.010041613131761551,
        0.01004161685705185,
        0.010041587986052036,
        0.010041700676083565,
        0.010041584260761738,
        0.010041631758213043,
        0.010041631758213043,
        0.01004153024405241,
        0.010041574947535992,
        0.010041666217148304,
        0.010041674599051476,
        0.010041593573987484,
        0.010041628032922745,
        0.010041549801826477,
        0.010041593573987484,
        0.010041678324341774,
        0.010041620582342148,
        0.010041615925729275,
        0.010041647590696812,
        0.01004161685705185,
        0.010041597299277782,
        0.010041646659374237,
        0.01004175003618002,
        0.010041661560535431,
        0.010041629895567894,
        0.010041664354503155,
        0.010041705332696438,
        0.010041669011116028,
        0.010041552595794201,
        0.010041637346148491,
        0.01004165317863226,
        0.010041662491858006,
        0.010041667148470879,
        0.01004167553037405,
        0.010041655972599983,
        0.010041666217148304,
        0.010041692294180393,
        0.01004159264266491,
        0.010041572153568268,
        0.01004160474985838,
        0.010041709057986736,
        0.010041635483503342,
        0.010041724890470505,
        0.010041680186986923,
        0.010041644796729088,
        0.010041594505310059,
        0.0100416149944067,
        0.01004160474985838,
        0.01004171371459961,
        0.010041584260761738,
        0.010041605681180954,
        0.010041702538728714,
        0.010041654109954834,
        0.0100416149944067,
        0.010041668079793453,
        0.010041613131761551,
        0.010041557252407074,
        0.010041742585599422,
        0.010041691362857819,
        0.010041614063084126,
        0.010041712783277035,
        0.010041630826890469,
        0.010041601955890656,
        0.010041525587439537,
        0.01004158053547144,
        0.010041571222245693,
        0.0100416773930192,
        0.01004163920879364,
        0.010041534900665283,
        0.010041538625955582,
        0.010041666217148304,
        0.010041585192084312,
        0.010041613131761551,
        0.010041558183729649,
        0.010041579604148865,
        0.010041599161922932,
        0.010041557252407074,
        0.010041646659374237,
        0.010041644796729088,
        0.01004166342318058,
        0.010041676461696625,
        0.01004158053547144,
        0.01004171185195446,
        0.010041609406471252,
        0.010041697882115841,
        0.010041720233857632,
        0.01004161685705185,
        0.010041696019470692,
        0.010041655041277409,
        0.01004150789231062,
        0.010041656903922558,
        0.010041626170277596,
        0.010041557252407074,
        0.010041620582342148,
        0.010041709057986736,
        0.010041599161922932,
        0.01004160288721323,
        0.010041538625955582,
        0.010041659697890282,
        0.010041685774922371,
        0.010041646659374237,
        0.010041633620858192,
        0.010041558183729649,
        0.010041633620858192,
        0.010041669942438602,
        0.010041611269116402,
        0.010041621513664722,
        0.010041683912277222,
        0.010041574016213417,
        0.01004162896424532,
        0.010041635483503342,
        0.010041636414825916,
        0.010041560977697372,
        0.010041608475148678,
        0.010041623376309872,
        0.010041540488600731,
        0.010041581466794014,
        0.010041612200438976,
        0.010041636414825916,
        0.010041718371212482,
        0.01004160288721323,
        0.010041657835245132,
        0.010041539557278156,
        0.010041605681180954,
        0.010041658766567707,
        0.010041560977697372,
        0.010041601024568081,
        0.010041654109954834,
        0.010041629895567894,
        0.010041683912277222,
        0.010041635483503342,
        0.010041607543826103,
        0.01004155445843935,
        0.010041656903922558,
        0.010041672736406326,
        0.010041572153568268,
        0.010041664354503155,
        0.010041615925729275,
        0.010041610337793827,
        0.010041625238955021,
        0.010041601955890656,
        0.010041605681180954,
        0.010041608475148678,
        0.010041561909019947,
        0.010041605681180954,
        0.010041657835245132,
        0.010041636414825916,
        0.010041670873761177,
        0.010041731409728527,
        0.010041640140116215,
        0.01004161685705185,
        0.010041614063084126,
        0.0100417360663414,
        0.01004162710160017,
        0.010041539557278156,
        0.010041599161922932,
        0.010041657835245132,
        0.010041611269116402,
        0.01004156656563282,
        0.010041574016213417,
        0.01004159264266491,
        0.01004157867282629,
        0.010041498579084873,
        0.010041545145213604,
        0.010041573084890842,
        0.010041685774922371,
        0.010041638277471066,
        0.010041636414825916,
        0.01004163920879364,
        0.010041690431535244,
        0.010041606612503529,
        0.010041655972599983,
        0.0100416149944067,
        0.010041611269116402,
        0.010041571222245693,
        0.0100416773930192,
        0.010041664354503155,
        0.010041621513664722,
        0.010041572153568268,
        0.010041582398116589,
        0.010041636414825916,
        0.01004162710160017,
        0.010041728615760803,
