{
    "network": [
        4,
        16,
        64,
        256,
        1024,
        256,
        64,
        16,
        3
    ],
    "alpha": 5e-05,
    "epochs": 300,
    "losses": [
        0.3333330452442169,
        0.3333330452442169,
        0.3333330452442169,
        0.3333330452442169,
        0.3333330452442169,
        0.3333330452442169,
        0.3333330452442169,
        0.3333330452442169,
        0.3333330452442169,
        0.3333330452442169,
        0.3333330452442169,
        0.3333330452442169,
        0.3333330452442169,
        0.3333330452442169,
        0.3333330452442169,
        0.3333330452442169,
        0.3333330452442169,
        0.3333330452442169,
        0.3333330452442169,
        0.3333330452442169,
        0.3333330452442169,
        0.3333330452442169,
        0.3333330452442169,
        0.3333330452442169,
        0.3333330452442169,
        0.3333330452442169,
        0.3333330452442169,
        0.3333330452442169,
        0.3333330452442169,
        0.3333330452442169,
        0.3333330452442169,
        0.3333330452442169,
        0.3333330452442169,
        0.3333330452442169,
        0.3333330452442169,
        0.3333330452442169,
        0.3333330452442169,
        0.3333330452442169,
        0.3333330452442169,
        0.3333330452442169,
        0.3333330452442169,
        0.3333330452442169,
        0.30691370368003845,
        0.2272474765777588,
        0.22724319994449615,
        0.22724324464797974,
        0.22724322974681854,
        0.22724322974681854,
        0.22724327445030212,
        0.22724322974681854,
        0.22724322974681854,
        0.13497290015220642,
        0.11784547567367554,
        0.015314118005335331,
        0.01542603224515915,
        0.01542618777602911,
        0.015426093712449074,
        0.015426144935190678,
        0.015426030382514,
        0.015426108613610268,
        0.015426122583448887,
        0.015426023863255978,
        0.01542600803077221,
        0.0154260890558362,
        0.015426093712449074,
        0.015426073223352432,
        0.015426036901772022,
        0.01542601641267538,
        0.015426081605255604,
        0.015425974503159523,
        0.015426055528223515,
        0.0154262101277709,
        0.015426117926836014,
        0.015426007099449635,
        0.015426055528223515,
        0.015426007099449635,
        0.015426019206643105,
        0.01542602851986885,
        0.015426007099449635,
        0.015426050871610641,
        0.015426157973706722,
        0.01542605273425579,
        0.015426140278577805,
        0.015426315367221832,
        0.01542606670409441,
        0.015426022931933403,
        0.015426062047481537,
        0.01542606670409441,
        0.015426055528223515,
        0.015426059253513813,
        0.015426055528223515,
        0.015426072292029858,
        0.015426038764417171,
        0.01542603224515915,
        0.0154260890558362,
        0.015426035039126873,
        0.015426170080900192,
        0.015426119789481163,
        0.015426070429384708,
        0.015425960533320904,
        0.015426057390868664,
        0.015425965189933777,
        0.015426099300384521,
        0.015426116064190865,
        0.01542611327022314,
        0.015425985679030418,
        0.015425987541675568,
        0.015426034107804298,
        0.015426097437739372,
        0.0154260927811265,
        0.015426073223352432,
        0.015426099300384521,
        0.015426157973706722,
        0.015426252968609333,
        0.015426062047481537,
        0.015426039695739746,
        0.015426022931933403,
        0.015425982885062695,
        0.015426102094352245,
        0.015426061116158962,
        0.015426116064190865,
        0.015425936318933964,
        0.01542605459690094,
        0.01542617380619049,
        0.015426065772771835,
        0.015426073223352432,
        0.015426131896674633,
        0.015426099300384521,
        0.01542616542428732,
        0.015426093712449074,
        0.015426142141222954,
        0.015426100231707096,
        0.015426095575094223,
        0.015426043421030045,
        0.015425998717546463,
        0.015426036901772022,
        0.015426216647028923,
        0.015426062047481537,
        0.015426057390868664,
        0.015426082536578178,
        0.015426111407577991,
        0.015426158905029297,
        0.01542602851986885,
        0.01542606670409441,
        0.015426050871610641,
        0.01542609091848135,
        0.01542603224515915,
        0.015426021069288254,
        0.015426099300384521,
        0.015426009893417358,
        0.015426072292029858,
        0.015426048077642918,
        0.015426046214997768,
        0.015426050871610641,
        0.015426081605255604,
        0.015426048077642918,
        0.01542605273425579,
        0.01542598009109497,
        0.015426012687385082,
        0.015426059253513813,
        0.015426227822899818,
        0.01542611513286829,
        0.015426027588546276,
        0.015426154248416424,
        0.015426095575094223,
        0.01542603224515915,
        0.015426077879965305,
        0.015425967052578926,
        0.015426160767674446,
        0.01542601827532053,
        0.015425973571836948,
        0.01542605273425579,
        0.015426046214997768,
        0.015426039695739746,
        0.01542624644935131,
        0.015426077879965305,
        0.01542612724006176,
        0.01542593352496624,
        0.015425985679030418,
        0.015426036901772022,
        0.01542599406093359,
        0.015426041558384895,
        0.015426116064190865,
        0.015426219440996647,
        0.015426012687385082,
        0.01542606670409441,
        0.01542605459690094,
        0.015425938181579113,
        0.015426019206643105,
        0.01542606856673956,
        0.015426130965352058,
        0.01542602851986885,
        0.015426030382514,
        0.015426108613610268,
        0.015426103956997395,
        0.01542617380619049,
        0.015426062047481537,
        0.015426169149577618,
        0.015425981022417545,
        0.01542615331709385,
        0.015426050871610641,
        0.015426133759319782,
        0.01542601641267538,
        0.015426088124513626,
        0.015426049940288067,
        0.0154260927811265,
        0.015426046214997768,
        0.015426062047481537,
        0.015426072292029858,
        0.01542611327022314,
        0.015425989404320717,
        0.015426055528223515,
        0.015425967052578926,
        0.015426049940288067,
        0.015426023863255978,
        0.015426036901772022,
        0.015425865538418293,
        0.015426099300384521,
        0.015426043421030045,
        0.015426000580191612,
        0.015426079742610455,
        0.015426100231707096,
        0.015426117926836014,
        0.015425893478095531,
        0.015426055528223515,
        0.015426124446094036,
        0.015426036901772022,
        0.015426063910126686,
        0.01542603224515915,
        0.015426014550030231,
        0.015426120720803738,
        0.015426035039126873,
        0.015425978228449821,
        0.0154260927811265,
        0.015426034107804298,
        0.015426095575094223,
        0.01542598009109497,
        0.015426142141222954,
        0.015426119789481163,
        0.015426009893417358,
        0.01542610488831997,
        0.015426103956997395,
        0.015426214784383774,
        0.01542612724006176,
        0.015426117926836014,
        0.015426038764417171,
        0.015426065772771835,
        0.01542601827532053,
        0.015426035039126873,
        0.015426045283675194,
        0.015426103956997395,
        0.015426131896674633,
        0.015426011756062508,
        0.015426108613610268,
        0.015426138415932655,
        0.01542596984654665,
        0.01542598009109497,
        0.015426039695739746,
        0.015426108613610268,
        0.015426207333803177,
        0.015426106750965118,
        0.015426088124513626,
        0.015426140278577805,
        0.015426102094352245,
        0.0154260927811265,
